partido,org_id,poder_empirico
PAN,O12,0.1351
PRI,O15,0.2380
MORENA,O11,0.2112
PRD,O18,0.0846
PT,O14,0.0493
PVEM,O13,0.1012
MC,O16,0.0404
SG,O19,0.0577
PES,O25,0.0224
NUEVA ALIANZA,O26,0.0000
